Base,2014,1,45694.72,20141.7824,47979.456000,20746.035872,27233.420128
Best,2014,1,45694.72,20141.7824,50264.192000,20544.618048,29719.573952
Worst,2014,1,45694.72,20141.7824,44780.825600,21148.871520,23631.954080
Base,2014,1,45694.72,20141.7824,47979.456000,20746.035872,27233.420128
Best,2014,1,45694.72,20141.7824,50264.192000,20544.618048,29719.573952
Worst,2014,1,45694.72,20141.7824,44780.825600,21148.871520,23631.954080
Base,2014,1,45694.72,20141.7824,47979.456000,20746.035872,27233.420128
Best,2014,1,45694.72,20141.7824,50264.192000,20544.618048,29719.573952
Worst,2014,1,45694.72,20141.7824,44780.825600,21148.871520,23631.954080
Base,2014,1,45694.72,20141.7824,47979.456000,20746.035872,27233.420128
Best,2014,1,45694.72,20141.7824,50264.192000,20544.618048,29719.573952
Worst,2014,1,45694.72,20141.7824,44780.825600,21148.871520,23631.954080
Base,2013,6,1643177.78,966499.9944,1725336.669000,995494.994232,729841.674768
Best,2013,6,1643177.78,966499.9944,1807495.558000,985829.994288,821665.563712
Worst,2013,6,1643177.78,966499.9944,1610314.224400,1014824.994120,595489.230280
Base,2013,6,1643177.78,966499.9944,1725336.669000,995494.994232,729841.674768
Best,2013,6,1643177.78,966499.9944,1807495.558000,985829.994288,821665.563712
Worst,2013,6,1643177.78,966499.9944,1610314.224400,1014824.994120,595489.230280
Base,2013,6,1643177.78,966499.9944,1725336.669000,995494.994232,729841.674768
Best,2013,6,1643177.78,966499.9944,1807495.558000,985829.994288,821665.563712
Worst,2013,6,1643177.78,966499.9944,1610314.224400,1014824.994120,595489.230280
Base,2013,6,1643177.78,966499.9944,1725336.669000,995494.994232,729841.674768
Best,2013,6,1643177.78,966499.9944,1807495.558000,985829.994288,821665.563712
Worst,2013,6,1643177.78,966499.9944,1610314.224400,1014824.994120,595489.230280
Base,2012,7,444558.2281,258201.9298,466786.139505,265947.987694,200838.151811
Best,2012,7,444558.2281,258201.9298,489014.050910,263365.968396,225648.082514
Worst,2012,7,444558.2281,258201.9298,435667.063538,271112.026290,164555.037248
Base,2012,7,444558.2281,258201.9298,466786.139505,265947.987694,200838.151811
Best,2012,7,444558.2281,258201.9298,489014.050910,263365.968396,225648.082514
Worst,2012,7,444558.2281,258201.9298,435667.063538,271112.026290,164555.037248
Base,2012,7,444558.2281,258201.9298,466786.139505,265947.987694,200838.151811
Best,2012,7,444558.2281,258201.9298,489014.050910,263365.968396,225648.082514
Worst,2012,7,444558.2281,258201.9298,435667.063538,271112.026290,164555.037248
Base,2012,7,444558.2281,258201.9298,466786.139505,265947.987694,200838.151811
Best,2012,7,444558.2281,258201.9298,489014.050910,263365.968396,225648.082514
Worst,2012,7,444558.2281,258201.9298,435667.063538,271112.026290,164555.037248
Base,2011,12,669431.5031,399113.5636,702903.078255,411086.970508,291816.107747
Best,2011,12,669431.5031,399113.5636,736374.653410,407095.834872,329278.818538
Worst,2011,12,669431.5031,399113.5636,656042.873038,419069.241780,236973.631258
Base,2011,12,669431.5031,399113.5636,702903.078255,411086.970508,291816.107747
Best,2011,12,669431.5031,399113.5636,736374.653410,407095.834872,329278.818538
Worst,2011,12,669431.5031,399113.5636,656042.873038,419069.241780,236973.631258
Base,2011,12,669431.5031,399113.5636,702903.078255,411086.970508,291816.107747
Best,2011,12,669431.5031,399113.5636,736374.653410,407095.834872,329278.818538
Worst,2011,12,669431.5031,399113.5636,656042.873038,419069.241780,236973.631258
Base,2011,12,669431.5031,399113.5636,702903.078255,411086.970508,291816.107747
Best,2011,12,669431.5031,399113.5636,736374.653410,407095.834872,329278.818538
Worst,2011,12,669431.5031,399113.5636,656042.873038,419069.241780,236973.631258
Base,2011,6,737839.8214,441714.8003,774731.812470,454966.244309,319765.568161
Best,2011,6,737839.8214,441714.8003,811623.803540,450549.096306,361074.707234
Worst,2011,6,737839.8214,441714.8003,723083.024972,463800.540315,259282.484657
Base,2011,6,737839.8214,441714.8003,774731.812470,454966.244309,319765.568161
Best,2011,6,737839.8214,441714.8003,811623.803540,450549.096306,361074.707234
Worst,2011,6,737839.8214,441714.8003,723083.024972,463800.540315,259282.484657
Base,2011,6,737839.8214,441714.8003,774731.812470,454966.244309,319765.568161
Best,2011,6,737839.8214,441714.8003,811623.803540,450549.096306,361074.707234
Worst,2011,6,737839.8214,441714.8003,723083.024972,463800.540315,259282.484657
Base,2011,6,737839.8214,441714.8003,774731.812470,454966.244309,319765.568161
Best,2011,6,737839.8214,441714.8003,811623.803540,450549.096306,361074.707234
Worst,2011,6,737839.8214,441714.8003,723083.024972,463800.540315,259282.484657
Base,2013,3,1049907.39,612129.8784,1102402.759500,630493.774752,471908.984748
Best,2013,3,1049907.39,612129.8784,1154898.129000,624372.475968,530525.653032
Worst,2013,3,1049907.39,612129.8784,1028909.242200,642736.372320,386172.869880
Base,2013,3,1049907.39,612129.8784,1102402.759500,630493.774752,471908.984748
Best,2013,3,1049907.39,612129.8784,1154898.129000,624372.475968,530525.653032
Worst,2013,3,1049907.39,612129.8784,1028909.242200,642736.372320,386172.869880
Base,2013,3,1049907.39,612129.8784,1102402.759500,630493.774752,471908.984748
Best,2013,3,1049907.39,612129.8784,1154898.129000,624372.475968,530525.653032
Worst,2013,3,1049907.39,612129.8784,1028909.242200,642736.372320,386172.869880
Base,2013,3,1049907.39,612129.8784,1102402.759500,630493.774752,471908.984748
Best,2013,3,1049907.39,612129.8784,1154898.129000,624372.475968,530525.653032
Worst,2013,3,1049907.39,612129.8784,1028909.242200,642736.372320,386172.869880
Base,2011,9,603083.4976,360187.4522,633237.672480,370993.075766,262244.596714
Best,2011,9,603083.4976,360187.4522,663391.847360,367391.201244,296000.646116
Worst,2011,9,603083.4976,360187.4522,591021.827648,378196.824810,212825.002838
Base,2011,9,603083.4976,360187.4522,633237.672480,370993.075766,262244.596714
Best,2011,9,603083.4976,360187.4522,663391.847360,367391.201244,296000.646116
Worst,2011,9,603083.4976,360187.4522,591021.827648,378196.824810,212825.002838
Base,2011,9,603083.4976,360187.4522,633237.672480,370993.075766,262244.596714
Best,2011,9,603083.4976,360187.4522,663391.847360,367391.201244,296000.646116
Worst,2011,9,603083.4976,360187.4522,591021.827648,378196.824810,212825.002838
Base,2011,9,603083.4976,360187.4522,633237.672480,370993.075766,262244.596714
Best,2011,9,603083.4976,360187.4522,663391.847360,367391.201244,296000.646116
Worst,2011,9,603083.4976,360187.4522,591021.827648,378196.824810,212825.002838
Base,2012,10,535159.4846,309799.0815,561917.458830,319093.053945,242824.404885
Best,2012,10,535159.4846,309799.0815,588675.433060,315995.063130,272680.369930
Worst,2012,10,535159.4846,309799.0815,524456.294908,325289.035575,199167.259333
Base,2012,10,535159.4846,309799.0815,561917.458830,319093.053945,242824.404885
Best,2012,10,535159.4846,309799.0815,588675.433060,315995.063130,272680.369930
Worst,2012,10,535159.4846,309799.0815,524456.294908,325289.035575,199167.259333
Base,2012,10,535159.4846,309799.0815,561917.458830,319093.053945,242824.404885
Best,2012,10,535159.4846,309799.0815,588675.433060,315995.063130,272680.369930
Worst,2012,10,535159.4846,309799.0815,524456.294908,325289.035575,199167.259333
Base,2012,10,535159.4846,309799.0815,561917.458830,319093.053945,242824.404885
Best,2012,10,535159.4846,309799.0815,588675.433060,315995.063130,272680.369930
Worst,2012,10,535159.4846,309799.0815,524456.294908,325289.035575,199167.259333
Base,2011,3,485198.6594,292121.4185,509458.592370,300885.061055,208573.531315
Best,2011,3,485198.6594,292121.4185,533718.525340,297963.846870,235754.678470
Worst,2011,3,485198.6594,292121.4185,475494.686212,306727.489425,168767.196787
Base,2011,3,485198.6594,292121.4185,509458.592370,300885.061055,208573.531315
Best,2011,3,485198.6594,292121.4185,533718.525340,297963.846870,235754.678470
Worst,2011,3,485198.6594,292121.4185,475494.686212,306727.489425,168767.196787
Base,2011,3,485198.6594,292121.4185,509458.592370,300885.061055,208573.531315
Best,2011,3,485198.6594,292121.4185,533718.525340,297963.846870,235754.678470
Worst,2011,3,485198.6594,292121.4185,475494.686212,306727.489425,168767.196787
Base,2011,3,485198.6594,292121.4185,509458.592370,300885.061055,208573.531315
Best,2011,3,485198.6594,292121.4185,533718.525340,297963.846870,235754.678470
Worst,2011,3,485198.6594,292121.4185,475494.686212,306727.489425,168767.196787
Base,2011,1,469823.9148,280872.7396,493315.110540,289298.921788,204016.188752
Best,2011,1,469823.9148,280872.7396,516806.306280,286490.194392,230316.111888
Worst,2011,1,469823.9148,280872.7396,460427.436504,294916.376580,165511.059924
Base,2011,1,469823.9148,280872.7396,493315.110540,289298.921788,204016.188752
Best,2011,1,469823.9148,280872.7396,516806.306280,286490.194392,230316.111888
Worst,2011,1,469823.9148,280872.7396,460427.436504,294916.376580,165511.059924
Base,2011,1,469823.9148,280872.7396,493315.110540,289298.921788,204016.188752
Best,2011,1,469823.9148,280872.7396,516806.306280,286490.194392,230316.111888
Worst,2011,1,469823.9148,280872.7396,460427.436504,294916.376580,165511.059924
Base,2011,1,469823.9148,280872.7396,493315.110540,289298.921788,204016.188752
Best,2011,1,469823.9148,280872.7396,516806.306280,286490.194392,230316.111888
Worst,2011,1,469823.9148,280872.7396,460427.436504,294916.376580,165511.059924
Base,2013,12,1874360.29,1098121.1728,1968078.304500,1131064.807984,837013.496516
Best,2013,12,1874360.29,1098121.1728,2061796.319000,1120083.596256,941712.722744
Worst,2013,12,1874360.29,1098121.1728,1836873.084200,1153027.231440,683845.852760
Base,2013,12,1874360.29,1098121.1728,1968078.304500,1131064.807984,837013.496516
Best,2013,12,1874360.29,1098121.1728,2061796.319000,1120083.596256,941712.722744
Worst,2013,12,1874360.29,1098121.1728,1836873.084200,1153027.231440,683845.852760
Base,2013,12,1874360.29,1098121.1728,1968078.304500,1131064.807984,837013.496516
Best,2013,12,1874360.29,1098121.1728,2061796.319000,1120083.596256,941712.722744
Worst,2013,12,1874360.29,1098121.1728,1836873.084200,1153027.231440,683845.852760
Base,2013,12,1874360.29,1098121.1728,1968078.304500,1131064.807984,837013.496516
Best,2013,12,1874360.29,1098121.1728,2061796.319000,1120083.596256,941712.722744
Worst,2013,12,1874360.29,1098121.1728,1836873.084200,1153027.231440,683845.852760
Base,2012,5,358877.8907,212590.7336,376821.785235,218968.455608,157853.329627
Best,2012,5,358877.8907,212590.7336,394765.679770,216842.548272,177923.131498
Worst,2012,5,358877.8907,212590.7336,351700.332886,223220.270280,128480.062606
Base,2012,5,358877.8907,212590.7336,376821.785235,218968.455608,157853.329627
Best,2012,5,358877.8907,212590.7336,394765.679770,216842.548272,177923.131498
Worst,2012,5,358877.8907,212590.7336,351700.332886,223220.270280,128480.062606
Base,2012,5,358877.8907,212590.7336,376821.785235,218968.455608,157853.329627
Best,2012,5,358877.8907,212590.7336,394765.679770,216842.548272,177923.131498
Worst,2012,5,358877.8907,212590.7336,351700.332886,223220.270280,128480.062606
Base,2012,5,358877.8907,212590.7336,376821.785235,218968.455608,157853.329627
Best,2012,5,358877.8907,212590.7336,394765.679770,216842.548272,177923.131498
Worst,2012,5,358877.8907,212590.7336,351700.332886,223220.270280,128480.062606
Base,2011,10,708208.0032,423441.1408,743618.403360,436144.375024,307474.028336
Best,2011,10,708208.0032,423441.1408,779028.803520,431909.963616,347118.839904
Worst,2011,10,708208.0032,423441.1408,694043.843136,444613.197840,249430.645296
Base,2011,10,708208.0032,423441.1408,743618.403360,436144.375024,307474.028336
Best,2011,10,708208.0032,423441.1408,779028.803520,431909.963616,347118.839904
Worst,2011,10,708208.0032,423441.1408,694043.843136,444613.197840,249430.645296
Base,2011,10,708208.0032,423441.1408,743618.403360,436144.375024,307474.028336
Best,2011,10,708208.0032,423441.1408,779028.803520,431909.963616,347118.839904
Worst,2011,10,708208.0032,423441.1408,694043.843136,444613.197840,249430.645296
Base,2011,10,708208.0032,423441.1408,743618.403360,436144.375024,307474.028336
Best,2011,10,708208.0032,423441.1408,779028.803520,431909.963616,347118.839904
Worst,2011,10,708208.0032,423441.1408,694043.843136,444613.197840,249430.645296
Base,2012,11,537955.517,310338.3738,564853.292850,319648.525014,245204.767836
Best,2012,11,537955.517,310338.3738,591751.068700,316545.141276,275205.927424
Worst,2012,11,537955.517,310338.3738,527196.406660,325855.292490,201341.114170
Base,2012,11,537955.517,310338.3738,564853.292850,319648.525014,245204.767836
Best,2012,11,537955.517,310338.3738,591751.068700,316545.141276,275205.927424
Worst,2012,11,537955.517,310338.3738,527196.406660,325855.292490,201341.114170
Base,2012,11,537955.517,310338.3738,564853.292850,319648.525014,245204.767836
Best,2012,11,537955.517,310338.3738,591751.068700,316545.141276,275205.927424
Worst,2012,11,537955.517,310338.3738,527196.406660,325855.292490,201341.114170
Base,2012,11,537955.517,310338.3738,564853.292850,319648.525014,245204.767836
Best,2012,11,537955.517,310338.3738,591751.068700,316545.141276,275205.927424
Worst,2012,11,537955.517,310338.3738,527196.406660,325855.292490,201341.114170
Base,2011,4,502073.8458,300539.8445,527177.538090,309556.039835,217621.498255
Best,2011,4,502073.8458,300539.8445,552281.230380,306550.641390,245730.588990
Worst,2011,4,502073.8458,300539.8445,492032.368884,315566.836725,176465.532159
Base,2011,4,502073.8458,300539.8445,527177.538090,309556.039835,217621.498255
Best,2011,4,502073.8458,300539.8445,552281.230380,306550.641390,245730.588990
Worst,2011,4,502073.8458,300539.8445,492032.368884,315566.836725,176465.532159
Base,2011,4,502073.8458,300539.8445,527177.538090,309556.039835,217621.498255
Best,2011,4,502073.8458,300539.8445,552281.230380,306550.641390,245730.588990
Worst,2011,4,502073.8458,300539.8445,492032.368884,315566.836725,176465.532159
Base,2011,4,502073.8458,300539.8445,527177.538090,309556.039835,217621.498255
Best,2011,4,502073.8458,300539.8445,552281.230380,306550.641390,245730.588990
Worst,2011,4,502073.8458,300539.8445,492032.368884,315566.836725,176465.532159
Base,2013,9,1447495.69,849266.5162,1519870.474500,874744.511686,645125.962814
Best,2013,9,1447495.69,849266.5162,1592245.259000,866251.846524,725993.412476
Worst,2013,9,1447495.69,849266.5162,1418545.776200,891729.842010,526815.934190
Base,2013,9,1447495.69,849266.5162,1519870.474500,874744.511686,645125.962814
Best,2013,9,1447495.69,849266.5162,1592245.259000,866251.846524,725993.412476
Worst,2013,9,1447495.69,849266.5162,1418545.776200,891729.842010,526815.934190
Base,2013,9,1447495.69,849266.5162,1519870.474500,874744.511686,645125.962814
Best,2013,9,1447495.69,849266.5162,1592245.259000,866251.846524,725993.412476
Worst,2013,9,1447495.69,849266.5162,1418545.776200,891729.842010,526815.934190
Base,2013,9,1447495.69,849266.5162,1519870.474500,874744.511686,645125.962814
Best,2013,9,1447495.69,849266.5162,1592245.259000,866251.846524,725993.412476
Worst,2013,9,1447495.69,849266.5162,1418545.776200,891729.842010,526815.934190
Base,2013,1,857689.91,506263.0672,900574.405500,521450.959216,379123.446284
Best,2013,1,857689.91,506263.0672,943458.901000,516388.328544,427070.572456
Worst,2013,1,857689.91,506263.0672,840536.111800,531576.220560,308959.891240
Base,2013,1,857689.91,506263.0672,900574.405500,521450.959216,379123.446284
Best,2013,1,857689.91,506263.0672,943458.901000,516388.328544,427070.572456
Worst,2013,1,857689.91,506263.0672,840536.111800,531576.220560,308959.891240
Base,2013,1,857689.91,506263.0672,900574.405500,521450.959216,379123.446284
Best,2013,1,857689.91,506263.0672,943458.901000,516388.328544,427070.572456
Worst,2013,1,857689.91,506263.0672,840536.111800,531576.220560,308959.891240
Base,2013,1,857689.91,506263.0672,900574.405500,521450.959216,379123.446284
Best,2013,1,857689.91,506263.0672,943458.901000,516388.328544,427070.572456
Worst,2013,1,857689.91,506263.0672,840536.111800,531576.220560,308959.891240
Base,2012,8,523917.3815,303996.0969,550113.250575,313115.979807,236997.270768
Best,2012,8,523917.3815,303996.0969,576309.119650,310076.018838,266233.100812
Worst,2012,8,523917.3815,303996.0969,513439.033870,319195.901745,194243.132125
Base,2012,8,523917.3815,303996.0969,550113.250575,313115.979807,236997.270768
Best,2012,8,523917.3815,303996.0969,576309.119650,310076.018838,266233.100812
Worst,2012,8,523917.3815,303996.0969,513439.033870,319195.901745,194243.132125
Base,2012,8,523917.3815,303996.0969,550113.250575,313115.979807,236997.270768
Best,2012,8,523917.3815,303996.0969,576309.119650,310076.018838,266233.100812
Worst,2012,8,523917.3815,303996.0969,513439.033870,319195.901745,194243.132125
Base,2012,8,523917.3815,303996.0969,550113.250575,313115.979807,236997.270768
Best,2012,8,523917.3815,303996.0969,576309.119650,310076.018838,266233.100812
Worst,2012,8,523917.3815,303996.0969,513439.033870,319195.901745,194243.132125
Base,2012,2,506994.1876,301055.3954,532343.896980,310087.057262,222256.839718
Best,2012,2,506994.1876,301055.3954,557693.606360,307076.503308,250617.103052
Worst,2012,2,506994.1876,301055.3954,496854.303848,316108.165170,180746.138678
Base,2012,2,506994.1876,301055.3954,532343.896980,310087.057262,222256.839718
Best,2012,2,506994.1876,301055.3954,557693.606360,307076.503308,250617.103052
Worst,2012,2,506994.1876,301055.3954,496854.303848,316108.165170,180746.138678
Base,2012,2,506994.1876,301055.3954,532343.896980,310087.057262,222256.839718
Best,2012,2,506994.1876,301055.3954,557693.606360,307076.503308,250617.103052
Worst,2012,2,506994.1876,301055.3954,496854.303848,316108.165170,180746.138678
Base,2012,2,506994.1876,301055.3954,532343.896980,310087.057262,222256.839718
Best,2012,2,506994.1876,301055.3954,557693.606360,307076.503308,250617.103052
Worst,2012,2,506994.1876,301055.3954,496854.303848,316108.165170,180746.138678
Base,2011,7,596746.5568,356425.6472,626583.884640,367118.416616,259465.468024
Best,2011,7,596746.5568,356425.6472,656421.212480,363554.160144,292867.052336
Worst,2011,7,596746.5568,356425.6472,584811.625664,374246.929560,210564.696104
Base,2011,7,596746.5568,356425.6472,626583.884640,367118.416616,259465.468024
Best,2011,7,596746.5568,356425.6472,656421.212480,363554.160144,292867.052336
Worst,2011,7,596746.5568,356425.6472,584811.625664,374246.929560,210564.696104
Base,2011,7,596746.5568,356425.6472,626583.884640,367118.416616,259465.468024
Best,2011,7,596746.5568,356425.6472,656421.212480,363554.160144,292867.052336
Worst,2011,7,596746.5568,356425.6472,584811.625664,374246.929560,210564.696104
Base,2011,7,596746.5568,356425.6472,626583.884640,367118.416616,259465.468024
Best,2011,7,596746.5568,356425.6472,656421.212480,363554.160144,292867.052336
Worst,2011,7,596746.5568,356425.6472,584811.625664,374246.929560,210564.696104
Base,2013,10,1673293.41,983122.6782,1756958.080500,1012616.358546,744341.721954
Best,2013,10,1673293.41,983122.6782,1840622.751000,1002785.131764,837837.619236
Worst,2013,10,1673293.41,983122.6782,1639827.541800,1032278.812110,607548.729690
Base,2013,10,1673293.41,983122.6782,1756958.080500,1012616.358546,744341.721954
Best,2013,10,1673293.41,983122.6782,1840622.751000,1002785.131764,837837.619236
Worst,2013,10,1673293.41,983122.6782,1639827.541800,1032278.812110,607548.729690
Base,2013,10,1673293.41,983122.6782,1756958.080500,1012616.358546,744341.721954
Best,2013,10,1673293.41,983122.6782,1840622.751000,1002785.131764,837837.619236
Worst,2013,10,1673293.41,983122.6782,1639827.541800,1032278.812110,607548.729690
Base,2013,10,1673293.41,983122.6782,1756958.080500,1012616.358546,744341.721954
Best,2013,10,1673293.41,983122.6782,1840622.751000,1002785.131764,837837.619236
Worst,2013,10,1673293.41,983122.6782,1639827.541800,1032278.812110,607548.729690
Base,2010,12,43421.0364,25572.064,45592.088220,26339.225920,19252.862300
Best,2010,12,43421.0364,25572.064,47763.140040,26083.505280,21679.634760
Worst,2010,12,43421.0364,25572.064,42552.615672,26850.667200,15701.948472
Base,2010,12,43421.0364,25572.064,45592.088220,26339.225920,19252.862300
Best,2010,12,43421.0364,25572.064,47763.140040,26083.505280,21679.634760
Worst,2010,12,43421.0364,25572.064,42552.615672,26850.667200,15701.948472
Base,2010,12,43421.0364,25572.064,45592.088220,26339.225920,19252.862300
Best,2010,12,43421.0364,25572.064,47763.140040,26083.505280,21679.634760
Worst,2010,12,43421.0364,25572.064,42552.615672,26850.667200,15701.948472
Base,2010,12,43421.0364,25572.064,45592.088220,26339.225920,19252.862300
Best,2010,12,43421.0364,25572.064,47763.140040,26083.505280,21679.634760
Worst,2010,12,43421.0364,25572.064,42552.615672,26850.667200,15701.948472
Base,2013,4,1046022.77,612246.4376,1098323.908500,630613.830728,467710.077772
Best,2013,4,1046022.77,612246.4376,1150625.047000,624491.366352,526133.680648
Worst,2013,4,1046022.77,612246.4376,1025102.314600,642858.759480,382243.555120
Base,2013,4,1046022.77,612246.4376,1098323.908500,630613.830728,467710.077772
Best,2013,4,1046022.77,612246.4376,1150625.047000,624491.366352,526133.680648
Worst,2013,4,1046022.77,612246.4376,1025102.314600,642858.759480,382243.555120
Base,2013,4,1046022.77,612246.4376,1098323.908500,630613.830728,467710.077772
Best,2013,4,1046022.77,612246.4376,1150625.047000,624491.366352,526133.680648
Worst,2013,4,1046022.77,612246.4376,1025102.314600,642858.759480,382243.555120
Base,2013,4,1046022.77,612246.4376,1098323.908500,630613.830728,467710.077772
Best,2013,4,1046022.77,612246.4376,1150625.047000,624491.366352,526133.680648
Worst,2013,4,1046022.77,612246.4376,1025102.314600,642858.759480,382243.555120
Base,2012,3,373483.0054,221598.6381,392157.155670,228246.597243,163910.558427
Best,2012,3,373483.0054,221598.6381,410831.305940,226030.610862,184800.695078
Worst,2012,3,373483.0054,221598.6381,366013.345292,232678.570005,133334.775287
Base,2012,3,373483.0054,221598.6381,392157.155670,228246.597243,163910.558427
Best,2012,3,373483.0054,221598.6381,410831.305940,226030.610862,184800.695078
Worst,2012,3,373483.0054,221598.6381,366013.345292,232678.570005,133334.775287
Base,2012,3,373483.0054,221598.6381,392157.155670,228246.597243,163910.558427
Best,2012,3,373483.0054,221598.6381,410831.305940,226030.610862,184800.695078
Worst,2012,3,373483.0054,221598.6381,366013.345292,232678.570005,133334.775287
Base,2012,3,373483.0054,221598.6381,392157.155670,228246.597243,163910.558427
Best,2012,3,373483.0054,221598.6381,410831.305940,226030.610862,184800.695078
Worst,2012,3,373483.0054,221598.6381,366013.345292,232678.570005,133334.775287
Base,2012,9,486177.4502,282167.5595,510486.322710,290632.586285,219853.736425
Best,2012,9,486177.4502,282167.5595,534795.195220,287810.910690,246984.284530
Worst,2012,9,486177.4502,282167.5595,476453.901196,296275.937475,180177.963721
Base,2012,9,486177.4502,282167.5595,510486.322710,290632.586285,219853.736425
Best,2012,9,486177.4502,282167.5595,534795.195220,287810.910690,246984.284530
Worst,2012,9,486177.4502,282167.5595,476453.901196,296275.937475,180177.963721
Base,2012,9,486177.4502,282167.5595,510486.322710,290632.586285,219853.736425
Best,2012,9,486177.4502,282167.5595,534795.195220,287810.910690,246984.284530
Worst,2012,9,486177.4502,282167.5595,476453.901196,296275.937475,180177.963721
Base,2012,9,486177.4502,282167.5595,510486.322710,290632.586285,219853.736425
Best,2012,9,486177.4502,282167.5595,534795.195220,287810.910690,246984.284530
Worst,2012,9,486177.4502,282167.5595,476453.901196,296275.937475,180177.963721
Base,2011,2,466334.903,278294.9923,489651.648150,286643.842069,203007.806081
Best,2011,2,466334.903,278294.9923,512968.393300,283860.892146,229107.501154
Worst,2011,2,466334.903,278294.9923,457008.204940,292209.741915,164798.463025
Base,2011,2,466334.903,278294.9923,489651.648150,286643.842069,203007.806081
Best,2011,2,466334.903,278294.9923,512968.393300,283860.892146,229107.501154
Worst,2011,2,466334.903,278294.9923,457008.204940,292209.741915,164798.463025
Base,2011,2,466334.903,278294.9923,489651.648150,286643.842069,203007.806081
Best,2011,2,466334.903,278294.9923,512968.393300,283860.892146,229107.501154
Worst,2011,2,466334.903,278294.9923,457008.204940,292209.741915,164798.463025
Base,2011,2,466334.903,278294.9923,489651.648150,286643.842069,203007.806081
Best,2011,2,466334.903,278294.9923,512968.393300,283860.892146,229107.501154
Worst,2011,2,466334.903,278294.9923,457008.204940,292209.741915,164798.463025
Base,2013,7,1371675.81,803121.6342,1440259.600500,827215.283226,613044.317274
Best,2013,7,1371675.81,803121.6342,1508843.391000,819184.066884,689659.324116
Worst,2013,7,1371675.81,803121.6342,1344242.293800,843277.715910,500964.577890
Base,2013,7,1371675.81,803121.6342,1440259.600500,827215.283226,613044.317274
Best,2013,7,1371675.81,803121.6342,1508843.391000,819184.066884,689659.324116
Worst,2013,7,1371675.81,803121.6342,1344242.293800,843277.715910,500964.577890
Base,2013,7,1371675.81,803121.6342,1440259.600500,827215.283226,613044.317274
Best,2013,7,1371675.81,803121.6342,1508843.391000,819184.066884,689659.324116
Worst,2013,7,1371675.81,803121.6342,1344242.293800,843277.715910,500964.577890
Base,2013,7,1371675.81,803121.6342,1440259.600500,827215.283226,613044.317274
Best,2013,7,1371675.81,803121.6342,1508843.391000,819184.066884,689659.324116
Worst,2013,7,1371675.81,803121.6342,1344242.293800,843277.715910,500964.577890
Base,2012,6,555160.1428,323020.1499,582918.149940,332710.754397,250207.395543
Best,2012,6,555160.1428,323020.1499,610676.157080,329480.552898,281195.604182
Worst,2012,6,555160.1428,323020.1499,544056.939944,339171.157395,204885.782549
Base,2012,6,555160.1428,323020.1499,582918.149940,332710.754397,250207.395543
Best,2012,6,555160.1428,323020.1499,610676.157080,329480.552898,281195.604182
Worst,2012,6,555160.1428,323020.1499,544056.939944,339171.157395,204885.782549
Base,2012,6,555160.1428,323020.1499,582918.149940,332710.754397,250207.395543
Best,2012,6,555160.1428,323020.1499,610676.157080,329480.552898,281195.604182
Worst,2012,6,555160.1428,323020.1499,544056.939944,339171.157395,204885.782549
Base,2012,6,555160.1428,323020.1499,582918.149940,332710.754397,250207.395543
Best,2012,6,555160.1428,323020.1499,610676.157080,329480.552898,281195.604182
Worst,2012,6,555160.1428,323020.1499,544056.939944,339171.157395,204885.782549
Base,2011,5,561681.4758,335651.9273,589765.549590,345721.485119,244044.064471
Best,2011,5,561681.4758,335651.9273,617849.623380,342364.965846,275484.657534
Worst,2011,5,561681.4758,335651.9273,550447.846284,352434.523665,198013.322619
Base,2011,5,561681.4758,335651.9273,589765.549590,345721.485119,244044.064471
Best,2011,5,561681.4758,335651.9273,617849.623380,342364.965846,275484.657534
Worst,2011,5,561681.4758,335651.9273,550447.846284,352434.523665,198013.322619
Base,2011,5,561681.4758,335651.9273,589765.549590,345721.485119,244044.064471
Best,2011,5,561681.4758,335651.9273,617849.623380,342364.965846,275484.657534
Worst,2011,5,561681.4758,335651.9273,550447.846284,352434.523665,198013.322619
Base,2011,5,561681.4758,335651.9273,589765.549590,345721.485119,244044.064471
Best,2011,5,561681.4758,335651.9273,617849.623380,342364.965846,275484.657534
Worst,2011,5,561681.4758,335651.9273,550447.846284,352434.523665,198013.322619
Base,2013,2,771348.74,450506.2322,809916.177000,464021.419166,345894.757834
Best,2013,2,771348.74,450506.2322,848483.614000,459516.356844,388967.257156
Worst,2013,2,771348.74,450506.2322,755921.765200,473031.543810,282890.221390
Base,2013,2,771348.74,450506.2322,809916.177000,464021.419166,345894.757834
Best,2013,2,771348.74,450506.2322,848483.614000,459516.356844,388967.257156
Worst,2013,2,771348.74,450506.2322,755921.765200,473031.543810,282890.221390
Base,2013,2,771348.74,450506.2322,809916.177000,464021.419166,345894.757834
Best,2013,2,771348.74,450506.2322,848483.614000,459516.356844,388967.257156
Worst,2013,2,771348.74,450506.2322,755921.765200,473031.543810,282890.221390
Base,2013,2,771348.74,450506.2322,809916.177000,464021.419166,345894.757834
Best,2013,2,771348.74,450506.2322,848483.614000,459516.356844,388967.257156
Worst,2013,2,771348.74,450506.2322,755921.765200,473031.543810,282890.221390
Base,2013,8,1551065.56,910276.7538,1628618.838000,937585.056414,691033.781586
Best,2013,8,1551065.56,910276.7538,1706172.116000,928482.288876,777689.827124
Worst,2013,8,1551065.56,910276.7538,1520044.248800,955790.591490,564253.657310
Base,2013,8,1551065.56,910276.7538,1628618.838000,937585.056414,691033.781586
Best,2013,8,1551065.56,910276.7538,1706172.116000,928482.288876,777689.827124
Worst,2013,8,1551065.56,910276.7538,1520044.248800,955790.591490,564253.657310
Base,2013,8,1551065.56,910276.7538,1628618.838000,937585.056414,691033.781586
Best,2013,8,1551065.56,910276.7538,1706172.116000,928482.288876,777689.827124
Worst,2013,8,1551065.56,910276.7538,1520044.248800,955790.591490,564253.657310
Base,2013,8,1551065.56,910276.7538,1628618.838000,937585.056414,691033.781586
Best,2013,8,1551065.56,910276.7538,1706172.116000,928482.288876,777689.827124
Worst,2013,8,1551065.56,910276.7538,1520044.248800,955790.591490,564253.657310
Base,2012,1,495364.1261,295351.4168,520132.332405,304211.959304,215920.373101
Best,2012,1,495364.1261,295351.4168,544900.538710,301258.445136,243642.093574
Worst,2012,1,495364.1261,295351.4168,485456.843578,310118.987640,175337.855938
Base,2012,1,495364.1261,295351.4168,520132.332405,304211.959304,215920.373101
Best,2012,1,495364.1261,295351.4168,544900.538710,301258.445136,243642.093574
Worst,2012,1,495364.1261,295351.4168,485456.843578,310118.987640,175337.855938
Base,2012,1,495364.1261,295351.4168,520132.332405,304211.959304,215920.373101
Best,2012,1,495364.1261,295351.4168,544900.538710,301258.445136,243642.093574
Worst,2012,1,495364.1261,295351.4168,485456.843578,310118.987640,175337.855938
Base,2012,1,495364.1261,295351.4168,520132.332405,304211.959304,215920.373101
Best,2012,1,495364.1261,295351.4168,544900.538710,301258.445136,243642.093574
Worst,2012,1,495364.1261,295351.4168,485456.843578,310118.987640,175337.855938
Base,2011,8,614557.935,369481.3673,645285.831750,380565.808319,264720.023431
Best,2011,8,614557.935,369481.3673,676013.728500,376870.994646,299142.733854
Worst,2011,8,614557.935,369481.3673,602266.776300,387955.435665,214311.340635
Base,2011,8,614557.935,369481.3673,645285.831750,380565.808319,264720.023431
Best,2011,8,614557.935,369481.3673,676013.728500,376870.994646,299142.733854
Worst,2011,8,614557.935,369481.3673,602266.776300,387955.435665,214311.340635
Base,2011,8,614557.935,369481.3673,645285.831750,380565.808319,264720.023431
Best,2011,8,614557.935,369481.3673,676013.728500,376870.994646,299142.733854
Worst,2011,8,614557.935,369481.3673,602266.776300,387955.435665,214311.340635
Base,2011,8,614557.935,369481.3673,645285.831750,380565.808319,264720.023431
Best,2011,8,614557.935,369481.3673,676013.728500,376870.994646,299142.733854
Worst,2011,8,614557.935,369481.3673,602266.776300,387955.435665,214311.340635
Base,2013,11,1780920.06,1041414.4573,1869966.063000,1072656.891019,797309.171981
Best,2013,11,1780920.06,1041414.4573,1959012.066000,1062242.746446,896769.319554
Worst,2013,11,1780920.06,1041414.4573,1745301.658800,1093485.180165,651816.478635
Base,2013,11,1780920.06,1041414.4573,1869966.063000,1072656.891019,797309.171981
Best,2013,11,1780920.06,1041414.4573,1959012.066000,1062242.746446,896769.319554
Worst,2013,11,1780920.06,1041414.4573,1745301.658800,1093485.180165,651816.478635
Base,2013,11,1780920.06,1041414.4573,1869966.063000,1072656.891019,797309.171981
Best,2013,11,1780920.06,1041414.4573,1959012.066000,1062242.746446,896769.319554
Worst,2013,11,1780920.06,1041414.4573,1745301.658800,1093485.180165,651816.478635
Base,2013,11,1780920.06,1041414.4573,1869966.063000,1072656.891019,797309.171981
Best,2013,11,1780920.06,1041414.4573,1959012.066000,1062242.746446,896769.319554
Worst,2013,11,1780920.06,1041414.4573,1745301.658800,1093485.180165,651816.478635
Base,2013,5,1284592.93,753170.5467,1348822.576500,775765.663101,573056.913399
Best,2013,5,1284592.93,753170.5467,1413052.223000,768233.957634,644818.265366
Worst,2013,5,1284592.93,753170.5467,1258901.071400,790829.074035,468071.997365
Base,2013,5,1284592.93,753170.5467,1348822.576500,775765.663101,573056.913399
Best,2013,5,1284592.93,753170.5467,1413052.223000,768233.957634,644818.265366
Worst,2013,5,1284592.93,753170.5467,1258901.071400,790829.074035,468071.997365
Base,2013,5,1284592.93,753170.5467,1348822.576500,775765.663101,573056.913399
Best,2013,5,1284592.93,753170.5467,1413052.223000,768233.957634,644818.265366
Worst,2013,5,1284592.93,753170.5467,1258901.071400,790829.074035,468071.997365
Base,2013,5,1284592.93,753170.5467,1348822.576500,775765.663101,573056.913399
Best,2013,5,1284592.93,753170.5467,1413052.223000,768233.957634,644818.265366
Worst,2013,5,1284592.93,753170.5467,1258901.071400,790829.074035,468071.997365
Base,2012,4,400335.6145,235073.2938,420352.395225,242125.492614,178226.902611
Best,2012,4,400335.6145,235073.2938,440369.175950,239774.759676,200594.416274
Worst,2012,4,400335.6145,235073.2938,392328.902210,246826.958490,145501.943720
Base,2012,4,400335.6145,235073.2938,420352.395225,242125.492614,178226.902611
Best,2012,4,400335.6145,235073.2938,440369.175950,239774.759676,200594.416274
Worst,2012,4,400335.6145,235073.2938,392328.902210,246826.958490,145501.943720
Base,2012,4,400335.6145,235073.2938,420352.395225,242125.492614,178226.902611
Best,2012,4,400335.6145,235073.2938,440369.175950,239774.759676,200594.416274
Worst,2012,4,400335.6145,235073.2938,392328.902210,246826.958490,145501.943720
Base,2012,4,400335.6145,235073.2938,420352.395225,242125.492614,178226.902611
Best,2012,4,400335.6145,235073.2938,440369.175950,239774.759676,200594.416274
Worst,2012,4,400335.6145,235073.2938,392328.902210,246826.958490,145501.943720
Base,2011,11,660545.8132,393617.2974,693573.103860,405425.816322,288147.287538
Best,2011,11,660545.8132,393617.2974,726600.394520,401489.643348,325110.751172
Worst,2011,11,660545.8132,393617.2974,647334.896936,413298.162270,234036.734666
Base,2011,11,660545.8132,393617.2974,693573.103860,405425.816322,288147.287538
Best,2011,11,660545.8132,393617.2974,726600.394520,401489.643348,325110.751172
Worst,2011,11,660545.8132,393617.2974,647334.896936,413298.162270,234036.734666
Base,2011,11,660545.8132,393617.2974,693573.103860,405425.816322,288147.287538
Best,2011,11,660545.8132,393617.2974,726600.394520,401489.643348,325110.751172
Worst,2011,11,660545.8132,393617.2974,647334.896936,413298.162270,234036.734666
Base,2011,11,660545.8132,393617.2974,693573.103860,405425.816322,288147.287538
Best,2011,11,660545.8132,393617.2974,726600.394520,401489.643348,325110.751172
Worst,2011,11,660545.8132,393617.2974,647334.896936,413298.162270,234036.734666
Base,2012,12,624502.1667,361285.5002,655727.275035,372124.065206,283603.209829
Best,2012,12,624502.1667,361285.5002,686952.383370,368511.210204,318441.173166
Worst,2012,12,624502.1667,361285.5002,612012.123366,379349.775210,232662.348156
Base,2012,12,624502.1667,361285.5002,655727.275035,372124.065206,283603.209829
Best,2012,12,624502.1667,361285.5002,686952.383370,368511.210204,318441.173166
Worst,2012,12,624502.1667,361285.5002,612012.123366,379349.775210,232662.348156
Base,2012,12,624502.1667,361285.5002,655727.275035,372124.065206,283603.209829
Best,2012,12,624502.1667,361285.5002,686952.383370,368511.210204,318441.173166
Worst,2012,12,624502.1667,361285.5002,612012.123366,379349.775210,232662.348156
Base,2012,12,624502.1667,361285.5002,655727.275035,372124.065206,283603.209829
Best,2012,12,624502.1667,361285.5002,686952.383370,368511.210204,318441.173166
Worst,2012,12,624502.1667,361285.5002,612012.123366,379349.775210,232662.348156
